{"cameraMode":{"drawMode":0,"name":"Shaded","section":"Shading Mode"},"sceneLighting":false,"audioPlay":false,"sceneViewState":{"m_AlwaysRefresh":false,"showFog":true,"showSkybox":false,"showFlares":true,"showImageEffects":true,"showParticleSystems":true,"showVisualEffectGraphs":true,"m_FxEnabled":true},"in2DMode":false,"pivot":{"x":0.32952073216438296,"y":0.34690582752227785,"z":0.16644561290740968},"rotation":{"x":-0.20539288222789765,"y":-0.03669406473636627,"z":0.0077065699733793739,"w":-0.9779766201972961},"size":1.6605002880096436,"orthographic":false}