{"cameraMode":{"drawMode":0,"name":"Shaded","section":"Shading Mode"},"sceneLighting":false,"audioPlay":false,"sceneViewState":{"m_AlwaysRefresh":false,"showFog":true,"showSkybox":false,"showFlares":true,"showImageEffects":true,"showParticleSystems":true,"showVisualEffectGraphs":true,"m_FxEnabled":true},"in2DMode":false,"pivot":{"x":251.88946533203126,"y":5.3088836669921879,"z":268.56597900390627},"rotation":{"x":-0.04858043044805527,"y":-0.021876083686947824,"z":0.0010716647375375033,"w":-0.9986135363578796},"size":28.233720779418947,"orthographic":false}