{"cameraMode":{"drawMode":0,"name":"Shaded","section":"Shading Mode"},"sceneLighting":false,"audioPlay":false,"sceneViewState":{"m_AlwaysRefresh":false,"showFog":true,"showSkybox":false,"showFlares":true,"showImageEffects":true,"showParticleSystems":true,"showVisualEffectGraphs":true,"m_FxEnabled":true},"in2DMode":false,"pivot":{"x":0.3606627881526947,"y":1.1227214336395264,"z":0.028216835111379625},"rotation":{"x":-0.013809362426400185,"y":-0.0027026792522519829,"z":0.000037305424484657124,"w":-0.9999153017997742},"size":1.8987878561019898,"orthographic":false}