{"cameraMode":{"drawMode":0,"name":"Shaded","section":"Shading Mode"},"sceneLighting":true,"audioPlay":false,"sceneViewState":{"m_AlwaysRefresh":false,"showFog":true,"showSkybox":false,"showFlares":true,"showImageEffects":true,"showParticleSystems":true,"showVisualEffectGraphs":true,"m_FxEnabled":true},"in2DMode":false,"pivot":{"x":-2.073160171508789,"y":0.984950065612793,"z":0.27648258209228518},"rotation":{"x":0.03535415977239609,"y":-0.063180111348629,"z":0.0019862474873661997,"w":0.9975354075431824},"size":15.267518043518067,"orthographic":false}