{"cameraMode":{"drawMode":0,"name":"Shaded","section":"Shading Mode"},"sceneLighting":false,"audioPlay":false,"sceneViewState":{"m_AlwaysRefresh":false,"showFog":true,"showSkybox":false,"showFlares":true,"showImageEffects":true,"showParticleSystems":true,"showVisualEffectGraphs":true,"m_FxEnabled":true},"in2DMode":false,"pivot":{"x":14.895305633544922,"y":15.748506546020508,"z":0.00000762939453125},"rotation":{"x":-0.060950327664613727,"y":-0.43428701162338259,"z":0.024219073355197908,"w":-0.8994129300117493},"size":3.9172582626342775,"orthographic":false}