{"cameraMode":{"drawMode":0,"name":"Shaded","section":"Shading Mode"},"sceneLighting":true,"audioPlay":false,"sceneViewState":{"m_AlwaysRefresh":false,"showFog":true,"showSkybox":false,"showFlares":true,"showImageEffects":true,"showParticleSystems":true,"showVisualEffectGraphs":true,"m_FxEnabled":true},"in2DMode":false,"pivot":{"x":0.7637311220169067,"y":0.09360762685537338,"z":0.7890870571136475},"rotation":{"x":-0.09980405867099762,"y":-0.30451953411102297,"z":0.03207249939441681,"w":-0.9468535780906677},"size":1.2300134897232056,"orthographic":false}