{"cameraMode":{"drawMode":0,"name":"Shaded","section":"Shading Mode"},"sceneLighting":false,"audioPlay":false,"sceneViewState":{"m_AlwaysRefresh":false,"showFog":true,"showSkybox":false,"showFlares":true,"showImageEffects":true,"showParticleSystems":true,"showVisualEffectGraphs":true,"m_FxEnabled":true},"in2DMode":false,"pivot":{"x":18.410186767578126,"y":0.9248948097229004,"z":15.095476150512696},"rotation":{"x":-0.07274824380874634,"y":-0.04777150973677635,"z":-0.0012075362028554082,"w":-0.9971336126327515},"size":1.599960446357727,"orthographic":false}