{"cameraMode":{"drawMode":0,"name":"Shaded","section":"Shading Mode"},"sceneLighting":false,"audioPlay":false,"sceneViewState":{"m_AlwaysRefresh":false,"showFog":true,"showSkybox":false,"showFlares":true,"showImageEffects":true,"showParticleSystems":true,"showVisualEffectGraphs":true,"m_FxEnabled":true},"in2DMode":false,"pivot":{"x":-0.050952643156051639,"y":0.892839252948761,"z":0.11123394966125488},"rotation":{"x":0.004189073108136654,"y":-0.024301234632730485,"z":-0.00009396586392540485,"w":-0.9997201561927795},"size":1.73007071018219,"orthographic":false}