{"cameraMode":{"drawMode":0,"name":"Shaded","section":"Shading Mode"},"sceneLighting":true,"audioPlay":false,"sceneViewState":{"m_AlwaysRefresh":false,"showFog":true,"showSkybox":false,"showFlares":true,"showImageEffects":true,"showParticleSystems":true,"showVisualEffectGraphs":true,"m_FxEnabled":true},"in2DMode":false,"pivot":{"x":-4.588364601135254,"y":3.733372211456299,"z":-0.11062924563884735},"rotation":{"x":0.017804909497499467,"y":0.6789552569389343,"z":-0.017021406441926957,"w":0.7349458336830139},"size":5.023167133331299,"orthographic":false}