{"cameraMode":{"drawMode":0,"name":"Shaded","section":"Shading Mode"},"sceneLighting":false,"audioPlay":false,"sceneViewState":{"m_AlwaysRefresh":false,"showFog":true,"showSkybox":false,"showFlares":true,"showImageEffects":true,"showParticleSystems":true,"showVisualEffectGraphs":true,"m_FxEnabled":true},"in2DMode":false,"pivot":{"x":-0.7262458801269531,"y":0.1843245029449463,"z":1.4772093296051026},"rotation":{"x":-0.08921225368976593,"y":-0.7088009715080261,"z":0.09106025099754334,"w":-0.6939742565155029},"size":1.6501978635787964,"orthographic":false}