{"cameraMode":{"drawMode":0,"name":"Shaded","section":"Shading Mode"},"sceneLighting":false,"audioPlay":false,"sceneViewState":{"m_AlwaysRefresh":false,"showFog":true,"showSkybox":false,"showFlares":true,"showImageEffects":true,"showParticleSystems":true,"showVisualEffectGraphs":true,"m_FxEnabled":true},"in2DMode":false,"pivot":{"x":18.468042373657228,"y":0.8467092514038086,"z":16.848026275634767},"rotation":{"x":-0.10609761625528336,"y":-0.089493528008461,"z":0.00481949420645833,"w":-0.9912464618682861},"size":1.6951848268508912,"orthographic":false}