{"cameraMode":{"drawMode":0,"name":"Shaded","section":"Shading Mode"},"sceneLighting":false,"audioPlay":false,"sceneViewState":{"m_AlwaysRefresh":false,"showFog":true,"showSkybox":false,"showFlares":true,"showImageEffects":true,"showParticleSystems":true,"showVisualEffectGraphs":true,"m_FxEnabled":true},"in2DMode":false,"pivot":{"x":256.0194091796875,"y":2.1698288917541506,"z":235.0311279296875},"rotation":{"x":0.047421474009752277,"y":-0.006592940539121628,"z":0.0004493790911510587,"w":0.9994286894798279},"size":6.163773536682129,"orthographic":false}