{"cameraMode":{"drawMode":0,"name":"Shaded","section":"Shading Mode"},"sceneLighting":false,"audioPlay":false,"sceneViewState":{"m_AlwaysRefresh":false,"showFog":true,"showSkybox":false,"showFlares":true,"showImageEffects":true,"showParticleSystems":true,"showVisualEffectGraphs":true,"m_FxEnabled":true},"in2DMode":false,"pivot":{"x":24.860000610351564,"y":-7.090000152587891,"z":3.3999998569488527},"rotation":{"x":0.025546541437506677,"y":-0.13551442325115205,"z":-0.003535147989168763,"w":-0.9905667901039124},"size":7.141428470611572,"orthographic":false}