{"cameraMode":{"drawMode":0,"name":"Shaded","section":"Shading Mode"},"sceneLighting":true,"audioPlay":false,"sceneViewState":{"m_AlwaysRefresh":false,"showFog":true,"showSkybox":false,"showFlares":true,"showImageEffects":true,"showParticleSystems":true,"showVisualEffectGraphs":true,"m_FxEnabled":true},"in2DMode":false,"pivot":{"x":-1.0943922996520997,"y":3.6339683532714845,"z":-0.28222179412841799},"rotation":{"x":-0.041344694793224338,"y":0.0535716786980629,"z":-0.0022169186268001796,"w":-0.9978595972061157},"size":6.050170421600342,"orthographic":false}